{
  "quantity": {
    "lower_bound": -219.875,
    "upper_bound": 529.125,
    "mean": 210.364,
    "median": 123.0
  },
  "average_trade_size": {
    "lower_bound": 122.11000000000004,
    "upper_bound": 266.92999999999995,
    "mean": 197.18584842105264,
    "median": 201.755
  },
  "stock_price": {
    "lower_bound": 2.198014878162372,
    "upper_bound": 6.702210856838397,
    "mean": 4.436912900256691,
    "median": 4.769653530630478
  },
  "total_trade_amount": {
    "lower_bound": -30782.3868937604,
    "upper_bound": 62142.9315746521,
    "mean": 28851.64383605228,
    "median": 10749.182560695644
  }
}