customer_account_type,avg_trade_size_mean,avg_trade_size_std,quantity_mean,quantity_std
Institutional,197.44612676056337,42.20830954463951,206.7100938967136,266.7470390383251
Retail,197.1602058279371,35.55429820214262,210.72398242368178,290.8131297127554
